{"game_1776987134": {"fingerprint": [0, 1, 3, 4], "first_seen": 1776987134.9471564}, "game_1776987135": {"fingerprint": [0, 1, 2, 3, 4], "first_seen": 1776987135.4801555}, "game_1776987136": {"fingerprint": [0, 1, 2, 4], "first_seen": 1776987136.2791555}, "game_1776987145": {"fingerprint": [0, 1, 4], "first_seen": 1776987145.142682}, "game_1776987169": {"fingerprint": [0, 2, 4], "first_seen": 1776987169.0946798}, "game_1776987264": {"fingerprint": [0, 1, 2, 3], "first_seen": 1776987264.6122994}, "game_1776988852": {"fingerprint": [1, 3, 4], "first_seen": 1776988852.731453}}